,location
USA,104
New York,71
United States,50
London,45
Canada,29
Nigeria,28
UK,27
"Los Angeles, CA",26
India,24
Mumbai,22
"Washington, DC",21
Kenya,20
Worldwide,19
Australia,18
"Chicago, IL",18
California,17
Everywhere,15
"New York, NY",15
"California, USA",15
San Francisco,14
United Kingdom,14
Florida,14
Los Angeles,13
"Washington, D.C.",13
Indonesia,13
Ireland,12
NYC,12
Toronto,12
Seattle,11
Earth,11
Chicago,11
"San Francisco, CA",11
"London, England",10
"London, UK",10
ss,10
New York City,10
"Sacramento, CA",10
"Atlanta, GA",10
Texas,10
304,9
"San Diego, CA",9
Manchester,9
World,9
US,9
"Nashville, TN",9
"Denver, Colorado",9
"Dallas, TX",9
"Houston, TX",8
Scotland,8
South Africa,8
worldwide,7
"Austin, TX",7
"Pennsylvania, USA",7
Tennessee,7
"Seattle, WA",7
"Denver, CO",7
"Memphis, TN",7
Sydney,7
"Orlando, FL",6
Massachusetts,6
"Brooklyn, NY",6
"California, United States",6
Pedophile hunting ground,6
Atlanta,6
"Oklahoma City, OK",6
Planet Earth,6
Singapore,6
"Paterson, New Jersey ",6
"Portland, OR",6
"Calgary, Alberta",6
Colorado,6
"Morioh, Japan",6
 Road to the Billionaires Club,6
Global,6
"Charlotte, NC",6
??????,6
Wisconsin,5
"New York, USA",5
New Jersey,5
"Vancouver, BC",5
Indiana,5
"Asheville, NC",5
NY,5
in the Word of God,5
WorldWide,5
"Leeds, England",5
"Lagos, Nigeria",5
Pakistan,5
"Cleveland, OH",5
Puerto Rico,5
"Tampa, FL",5
Southern California,5
Brasil,5
The Netherlands,5
"Melbourne, Australia",5
Lagos,5
North Carolina,5
"Boston, MA",5
Newcastle,5
Philippines,5
Pennsylvania,5
"Calgary, AB",5
"San Jose, CA",5
Coventry,5
New Hampshire,5
"Florida, USA",5
"Texas, USA",5
"Phoenix, AZ",4
"Las Vegas, Nevada",4
Barbados,4
Cape Town,4
?,4
Geneva,4
"Oakland, CA",4
Atlanta Georgia ,4
"Massachusetts, USA",4
Melbourne,4
"Haddonfield, NJ",4
Japan,4
canada,4
"North Carolina, USA",4
"Manchester, England",4
"Mumbai, Maharashtra",4
Tokyo,4
Happily Married with 2 kids ,4
Jakarta/Kuala Lumpur/S'pore,4
Jamaica,4
Birmingham,4
Oregon,4
Republic of Texas,4
"Bend, Oregon",4
Midwest,4
MAD as Hell,4
Switzerland,4
Edinburgh,4
london,4
"Sydney, Australia",4
Michigan,4
Sacramento,4
Calgary,4
??,4
Nairobi-KENYA,4
"Portland, Oregon",4
china,4
"Sydney, New South Wales",4
San Francisco Bay Area,4
Nigeria ,4
Paignton,4
Kansas City,4
Leicester,4
U.S.A,4
"Port Harcourt, Nigeria",4
Maryland,4
"British Columbia, Canada",4
?????,4
"Seattle, Washington",4
"Philadelphia, PA",4
Upstairs.,3
"Victoria, BC",3
"Milwaukee, WI",3
Washington D.C.,3
Utah,3
"Columbus, OH",3
Virginia,3
Sweden,3
PA,3
World Wide,3
Arizona,3
Hong Kong,3
"Kansas City, MO",3
"Adelaide, Australia",3
"Nairobi, Kenya",3
"Nottingham, England",3
NJ,3
California ,3
Malaysia,3
"St. Louis, MO",3
Rio de Janeiro,3
San Diego,3
America of Founding Fathers,3
"Illinois, USA",3
"Indianapolis, IN",3
uk,3
"Ontario, Canada",3
"Anchorage, AK",3
"New Orleans ,Louisiana",3
ARGENTINA,3
Oklahoma City,3
"Victoria, British Columbia",3
Narnia,3
"Vancouver, British Columbia",3
Georgia,3
"Oregon, USA",3
new york,3
"Birmingham, England",3
America,3
"Madison, WI",3
"Arlington, TX",3
"Raleigh, NC",3
"New Orleans, LA",3
Naperville,3
#FLIGHTCITY UK  ,3
"Stockholm, Sweden",3
Five down from the Coffeeshop,3
Nowhere. Everywhere.,3
"South, USA",3
"Austin, Texas",3
CA,3
Anonymous,3
india,3
"Buffalo, NY",3
Taylor Swift,3
nyc,3
Glasgow,3
Karachi Pakistan,3
Brazil,3
Africa,3
"Baltimore, MD",3
East Coast,3
"Johannesburg, South Africa",3
"Toronto, Ontario",3
"Dublin, Ireland",3
NYC :) Ex- #Islamophobe,3
iTunes,3
Karachi,3
China,3
"Manhattan, NY",3
"Tulsa, Oklahoma",3
Germany,3
Las Vegas,3
England,3
"Winston-Salem, NC",3
Kama | 18 | France ,3
"Calgary, AB, Canada",3
"21.462446,-158.022017",3
CA via Brum,3
Financial News and Views,3
Asia,3
Nairobi,3
Buy Give Me My Money ,3
"Haysville, KS",3
Memphis,3
Boston,3
???,3
"Virginia, USA",3
MA,3
Italy,3
Subconscious LA,3
"Los Angeles, California",3
"State College, PA",3
London UK,3
Washington DC,3
"Des Moines, IA",3
"Hawaii, USA",3
Gotham City,3
Inexpressible Island ,3
Iraq|Afghanistan| RSA |Baghdad,3
New Zealand,2
EastCarolina,2
everywhere,2
"Santa Cruz, CA",2
Phoenix,2
Auckland,2
tx,2
"Gainesville, FL",2
Washington,2
Europe,2
"Perth, Western Australia",2
Wales,2
Kolkata,2
"Boise, Idaho",2
"Macon, GA",2
Colombia,2
Your screen,2
"Kingston, Jamaica",2
#HarleyChick#PJNT#RunBenRun,2
SÌ£o Paulo,2
? ,2
Pretoria,2
"Portland, Ore. ",2
"Sarasota, FL",2
Oakland,2
the insane asylum. ,2
"Scotland, United Kingdom",2
"Washington, USA",2
Connecticut,2
"Berlin, Germany",2
South Stand,2
somewhere USA ,2
"Durham, NC",2
"Buenos Aires, Argentina",2
Paris,2
vancouver usa,2
Spare 'Oom,2
Los Angeles ,2
"Cumming, GA",2
"Manchester, NH",2
Trinidad & Tobago,2
"Baton Rouge, LA",2
"Ewa Beach, HI",2
New Sweden,2
"Erie, PA",2
Selma2Oakland,2
"Georgia, USA",2
"Greensboro, North Carolina",2
"Glasgow, Scotland",2
Bukittinggi  ?? Sumatera Barat,2
Somalia,2
"Fresno, CA",2
"Auckland, New Zealand",2
Helsinki,2
Silicon Valley,2
GLOBAL,2
"Minna, Nigeria",2
"Wilmington, NC",2
Location,2
"Michigan, USA",2
Dundee,2
"Moncton, New Brunswick",2
Derby,2
Above the snake line - #YoNews,2
New York ,2
Federal Capital Territory,2
Breaking News,2
"Manila, Philippines",2
Swaning Around,2
To The Right of You!,2
"Niagara Falls, Ontario",2
DC,2
SWMO,2
"Renfrew, Scotland",2
Macclesfield,2
Dubai,2
"Karachi, Pakistan",2
Unknown,2
Melbourne Australia,2
Washington State,2
A little house in the outback.,2
Reddit ,2
EIC,2
Liverpool,2
SF Bay Area,2
Columbus,2
Houston TX,2
Norway,2
Yogya Berhati Nyaman,2
Incognito,2
San Diego California 92101,2
WA State,2
Ontario Canada,2
"Palo Alto, CA",2
"los angeles, ca",2
Berlin - Germany,2
434,2
"Redding, California, USA",2
dallas,2
Detroit,2
Brisbane,2
Sydney Australia,2
Alabama,2
Desde Republica Argentina,2
"Washington, DC & Charlotte, NC",2
"Accra,Ghana",2
"Spokane, WA",2
New England,2
"New Hanover County, NC",2
????,2
they/them ,2
Vancouver BC,2
"Ohio, USA",2
Live On Webcam,2
Boston MA,2
http://www.amazon.com/dp/B00HR,2
U.K.,2
NC,2
Blackpool,2
Here.,2
HTX,2
"Bakersfield, California",2
"Miami, FL",2
"Huntsville, AL",2
"Mesa, AZ",2
Vietnam,2
Istanbul,2
Lagos Nigeria,2
scandinavia,2
Kent,2
Houston,2
Rocky Mountains,2
Dallas Fort-Worth,2
"Leesburg, FL",2
"West Virginia, USA",2
"Ashburn, VA",2
Bandung,2
Riyadh,2
"Victoria, Australia, Earth",2
Baltimore,2
"Decatur, GA",2
rome,2
???  Dreamz,2
"Enfield, UK",2
"Columbia, SC",2
Roaming around the world,2
"ÌÏT: 10.614817868480726,12.195582811791382",2
"Detroit, MI",2
"New Delhi, India",2
Charlotte,2
"San Antonio, TX",2
Cherry Creek Denver CO,2
far away,2
Somewhere in the Canada,2
In the potters hands,2
"Ottawa, Canada",2
"St Charles, MD",2
Heaven,2
Pittsburgh,2
"Winnipeg, Manitoba",2
Instagram - @heyimginog ,2
"19.600858, -99.047821",2
Venezuela,2
Jakarta,2
Somewhere Only We Know ?,2
"Silver Spring, MD",2
"Mackay, QLD, Australia",2
Global-NoLocation,2
World Wide Web,2
"Gold Coast, Australia",2
"Lincoln, NE",2
"Dubai, UAE",2
"Hackney, London",2
hell,2
"Muntinlupa City, Philippines",2
Mongolia,2
"Madison, GA",2
"Dublin City, Ireland",2
Portugal,2
107-18 79TH STREET,2
"Chicago, Illinois",2
The American Wasteland (MV),2
Costa Rica,2
Halifax,2
"Odawara, Japan",2
Korea,2
140920-21 & 150718-19 BEIJING,2
Chile,2
Street of Dallas,2
Does it really matter!,2
"Newcastle Upon Tyne, England",2
REPUBLICA DOMINICANA,2
online ,2
texas,2
va,2
"New York, New York",2
"Orlando, Fl",2
Israel,2
"Toronto, Canada",2
"New Delhi, Delhi",2
Jupiter,2
ph,2
"Philadelphia, PA ",2
"Yamaku Academy, Class 3-4",2
mumbai,2
Bronx NY,2
United States of America,2
"Lyallpur, Pakistan",2
"Melbourne, Victoria",2
"Budapest, Hungary",2
"San Jose, California",2
Charlotte NC,2
TX,2
"England, United Kingdom",2
Buenos Aires,2
Dime's Palace,2
"anzio,italy",2
"Chevy Chase, MD",2
In Hell,2
"Eldoret, kenya",2
CA physically- Boston Strong?,2
Winnipeg,2
Sand springs oklahoma,2
"St Paul, MN",2
NIGERIA,2
The Universe,2
Kashmir!,2
"Cleveland, OH - San Diego, CA",2
Alaska,2
"Olympia, WA",2
"Manchester, UK",2
Suplex City,2
Thailand,2
Louisiana,2
"Newark, NJ",2
"Na:tinixw / Hoopa, Berkeley",2
"Adelaide, South Australia",2
"Bangalore, India",2
Arizona ,2
"Knoxville, TN",2
Trinidad and Tobago,2
"Evanston, IL",2
Philadelphia,2
"Epic City, BB.",2
USA (Formerly @usNOAAgov),2
"Alexandria, VA",2
Bournemouth,2
617-BTOWN-BEATDOWN,2
Ukraine,2
"Orange County, California",2
"Mumbai , India",2
Mo.City,2
"Palo Alto, California",2
West,2
Belgium,2
Maldives,2
Honduras,2
"Rock Hill, SC",2
Jerusalem,2
302,2
"Lisbon, Portugal",2
world,2
"Roanoke, VA",2
Moscow,2
"El Dorado, Arkansas",2
" Queensland, Australia",2
Nakhon Si Thammarat,1
"Harlingen, TX",1
Makai,1
somewhere in Indiana ,1
STL ?NOLA,1
they/them,1
"Boulder, CO",1
IndiLand ,1
U.S.A. - Global Members Site,1
Huntsville AL,1
"London/Lagos/FL ÌÏT: 6.6200132,",1
Oldenburg // London,1
CA ??DC,1
fl,1
"m3, k, a, d",1
"Bronx, New York",1
Rheinbach / Germany,1
"ÌÏT: 40.562796,-75.488849",1
Use #TMW in tweets get #RT,1
y(our) boyfriends legs ,1
"Slateport City, Hoenn",1
wisco,1
"Lancashire, United Kingdom",1
'SAN ANTONIOOOOO',1
 New Delhi ,1
Buscame EL tu Melte,1
"Gold Coast, Qld, Australia",1
fujo garbage heaven ,1
SWinfo@dot.state.al.us,1
Hogwarts,1
253,1
"Alvin, TX",1
Wellington,1
Fairy Tail! ,1
justin & ari follow || tvd,1
"July 11th, 2015. ?",1
"Sunrise Manor, NV",1
"Nottingham, United Kingdom",1
Richardson TX,1
Docker container,1
london town..,1
Dicky Beach,1
Multinational *****,1
"Los Angeles,CA, USA",1
"Virginia, United States",1
Innerhalb der LÌ_cke,1
"Detroit, Michigan",1
"North-East Region, Singapore",1
Co. Tyrone Northern Ireland,1
Baton Rouge,1
Leaving Bikini Bottom,1
USA/SO FLORIDA via BROOKLYN NY,1
SE London(heart is by the sea),1
"Greenpoint, Brooklyn",1
"Bow, NH",1
"Los Angeles, London, Kent",1
#BlackLivesMatter,1
A Hoop Somewhere,1
? miranda ? 521 mi,1
"Bloomington, IN",1
'Merica,1
PARACHUTE,1
Travelling around the world ,1
mind ya business,1
"Njoro, Kenya",1
United Hoods of the Globe,1
Loveland Colorado,1
"Purgatory, USA",1
Play For Ryan ??,1
"Nebraska, Colorado & The GLOBE",1
lagos nigeria,1
"Eugene, Oregon",1
"Hermosa Beach, CA",1
Not a U.S resident,1
"Coolidge, AZ",1
Somewhere in Jersey,1
"Nigeria, WORLDWIDE",1
she/her/your majesty/empress,1
Earth 0,1
Across the Atlantic,1
"Chamblee, Georgia",1
"ÌÏT: 6.4682,3.18287",1
"Palmyra, NJ",1
"Rockland County, NY",1
"brooklyn, NYC",1
twitch.tv/naturalemblem26,1
Georgia ? Tennessee,1
somewhere too cold for me,1
"peekskill. new york, 10566 ",1
Asia Pacific   ,1
"Miami Beach, Fl",1
Cosmic Oneness,1
"Lansing, Michigan",1
In My Lab Creating ,1
Making Worldwide Change Near U,1
"pettyville, usa",1
@potteratthedisc,1
@cockerelshoes,1
"Broadview Heights, Ohio",1
"Rochelle, GA",1
"Ely, Cambridgeshire",1
"Amman, Jordan",1
"Near Richmond, VA",1
????s ?? ????Ìø????Ì¡a,1
"Harris County, Texas",1
whs '17,1
khartoum sudan,1
Vineyard,1
"gaffney, sc ",1
Hertfordshire ,1
London / Berlin / Online,1
"MI,USA",1
moss chamber b,1
The Web,1
Darlington,1
turner fenton,1
taken by piper curda,1
{GoT | Modern AU | Lizz},1
"Raleigh Durham, NC",1
"Ojodu,Lagos",1
Abuja,1
"USA, North Dakota",1
10-Jul,1
"Melbourne, Australia.",1
@UntmdOutdoors #T.O.R.K ,1
"Dagenham, Essex",1
"Chicago, Il",1
"Nairobi, Kenya ",1
South Central Wales,1
Cymru araul,1
keli x,1
"Port Orange, FL",1
Top Secret,1
 45å¡ 5'12.53N   14å¡ 7'24.93E,1
Florida Forever,1
"Athens,Greece",1
at my home,1
VCU,1
"ÌÏT: 0.0,0.0",1
Havenford,1
L/S/Z/L/T/H/C/H/R/A/S/C,1
sweden,1
Poconos,1
"Rock Springs, WY",1
"Ibadan,Oyo state",1
Wherever I'm needed,1
Oregon and Washington,1
"Hudson Valley, NY",1
"#1 Vacation Destination,HAWAII",1
Hawaii,1
Avon,1
"The Kingdom of Fife, Scotland",1
"Dundee, UK",1
Orlando ,1
WORLDWI$E ,1
pittsboro,1
"Victorville, CA",1
"Orange County, NY",1
"Jaipur, Rajasthan, India",1
"Chatham, IL",1
"FCT, Abuja ",1
"Chicago, IL ",1
'soooota,1
 Tropical SE FLorida,1
zboyer@washingtontimes.com,1
"antioch, california",1
New York Brooklyn,1
Sheffield/Leeds,1
"204, 555 11 Ave. S.W.",1
Le Moyne '16,1
atlanta,1
"Seattle native in Prescott, AZ",1
Stanford University,1
Minneapolis - St. Paul,1
"Tring, UK",1
"Bloomington, Indiana",1
828/704(Soufside)/while looking goofy in NJ,1
Bhubneshwar,1
Calgary/Airdrie/RedDeer/AB,1
BrasÌ_lia,1
"Outside The Matrix, I Think.",1
liaÛ¢daniÛ¢laura,1
BestCoast,1
#partsunknown,1
Argus Industries \m/666\m/,1
timeline kamu,1
"Brasil, Fortaleza ce",1
Dhaka,1
Earth-616,1
"State College, Pa",1
Center for Domestic Preparedness,1
Kaneohe,1
Jammu and Kashmir,1
"Arvada, CO",1
Pacific Northwest,1
"Durand, MI",1
"labuan, malaysia",1
PDX,1
In the middle of no where,1
heccfidmss@gmail.com,1
Hearts & Minds,1
"Absecon, NJ",1
"Rotterdam, The Netherlands",1
hkXfYMhEx,1
Bedford IN ,1
Flipadelphia,1
global,1
"Rutherfordton, NC",1
"Kualar Lumpur, Malaysia",1
Global Edition,1
California or Colorado,1
"Pleasanton, CA",1
Haarlem,1
 ?currently writing a book?,1
"Screwston, TX",1
POFFIN,1
"Moore, OK",1
"Fort Wayne, IN",1
"Saltillo, Coahuila de Zaragoza",1
"Northern Kentucky, USA",1
Atlanta g.a.,1
california mermaid ? ,1
Detroit Tigers Dugout,1
"Innsmouth, Mass.",1
Freeport Ny,1
Texas ,1
Palestine Texas,1
Earth: Senseless nonsense,1
iamdigitalent.com,1
"Okanagan Valley, BC",1
"Tulsa, OK",1
"Uyo, Akwa Ibom State, Nigeria",1
21 | PNW,1
A small federal enclave,1
Û¢III.XII.MMXIÛ¢,1
Londonstan,1
"Chicago, but Philly is home",1
TN,1
Milwaukee County,1
on a catwalk somewhere,1
"IJmuiden, The Netherlands",1
Amsterdam | San Francisco,1
Hooters on Peachtree,1
my house,1
"Eagle Mountain, Texas ",1
London/New York,1
"Portsmouth, VA",1
Yuuko-san's shop,1
Canadian bread,1
"Birmingham, UK",1
Numa casa de old yellow bricks,1
"London, United Kingdom",1
Starling City,1
"Holly, MI",1
50% Queanbeyan - 50% Sydney,1
"Cape Cod, Massachusetts USA",1
Where the money at,1
"Alicante, Spain",1
"Yuba City, CA",1
Third rock from the Sun,1
Anywhere,1
"Hoxton, London",1
Carterville,1
hertfordshire.,1
"Lima, OH",1
Nagpur,1
AUS,1
probably petting an animal,1
"Iliff,Colorado  ",1
Na waffi,1
Wiltshire,1
"Kensington, MD",1
#goingdownthetoilet Illinois,1
IRAQ,1
"St Austell, Cornwall",1
The Weird Part of Wonderland,1
??????????????????,1
plymouth,1
KurveZ@GearHeadCentral.net,1
"Corpus Christi, Texas",1
Mass,1
EspaÌ±a - Spain - Espagne,1
Roadside,1
"Newcastle, England ",1
oman muscat al seeb ,1
"ÌÏT: -26.695807,27.837865",1
"United Kingdom,Fraserburgh",1
PSN: Pipbois ,1
"Washington, DC 20009",1
Tokyo & Osaka,1
Gotham,1
CT ? NYC,1
North Hastings Ontario,1
"Rapid City, Black Hills, SD",1
Romania,1
"Enterprise, NV",1
"Alexandria, VA, USA",1
"West Coast, Cali USA",1
"Ciudad AutÌ_noma de Buenos Aires, Argentina",1
Sydney & Worldwide,1
"Salt Lake City, UT",1
"Aurora, Ontario ",1
"Charleston, WV",1
East Kilbride,1
NYC / International,1
"Enniscrone & Aughris, Sligo ",1
"Durban, South Africa",1
Long Eaton åá Derbyshire åá UK,1
"Kingston, Pennsylvania",1
Positive 852,1
"Riverside, CA",1
"Kauai, Hawaii",1
"Upper St Clair, PA",1
"DC, frequently NYC/San Diego",1
Mumbai (India),1
"Sao Paulo, Brazil",1
Wema building,1
"Lima, Ohio",1
"Milton Keynes, England",1
"Sochi, KDA, RU",1
"Lubbock, TX",1
????????????,1
"Kodiak, AK",1
kansas,1
Heinz Field ,1
"Hatteras, North Carolina",1
phuket thailand,1
In my own world!!!,1
nj/ny,1
Thornton  Colorado,1
|-/,1
Boksburg,1
1/3 of the blam squad ,1
"Castaic, CA",1
Hyderabad Telangana INDIA,1
New Jersey/New York,1
"Elkhart, IN",1
Niall's arms,1
"kissimmee,fl.",1
"Trinity, Bailiwick of Jersey",1
Western Washington,1
"Garden City, NY",1
BC,1
Frascati,1
"London, Sydney",1
"Arkansas, Jonesboro",1
"Terlingua, Texas",1
Passamaquoddy,1
North,1
"Vero Beach , FL",1
Estados Unidos,1
Queens New York,1
Isle of Man,1
God is Love. ,1
kenya,1
Norwich,1
"Kawartha Lakes, Ontario, Canad",1
ChicagoRObotz,1
West Africa,1
"Harper Woods, MI",1
"Newcastle, England",1
"Toronto, Bob-Lo, Miami Beach",1
LA/OC/Vegas,1
"Ames, IA",1
Stateless Global Citizen,1
nigeria,1
Wrex,1
"Chapel Hill, NC",1
In your head,1
Cobblestone,1
Dammam- KSA,1
709?,1
#KaumElite;#F?VOR;#SMOFC,1
"White Plains, NY",1
Orlando,1
Somewhere between Chicago & Milwaukee,1
"West Coast, USA",1
"Fukuoka, Japan",1
"Calgary, Alberta, Canada",1
"Everett, WA",1
Greg's place,1
The shores of Lake Kilby,1
"Colorado, USA",1
Finland,1
"Concord, CA",1
"Dallas, TX ",1
"KADUNA, NIGERIA",1
germany,1
"Halton, Ontario",1
toronto,1
The Triskelion,1
Shrewsbury,1
Definitely NOT the stables,1
#HAMont,1
Northern Ireland,1
buenos aires argentina,1
fluffy cloud,1
Peru,1
Roads/Trails Everywhere,1
"ÌÏT: 39.982988,-75.261624",1
518,1
lrhcthband;four - bournemouth,1
"cody, austin follows ?*?",1
N?? Y???.,1
dubai ,1
[ Blonde Bi Fry. ],1
Leeds,1
livin life in the 610,1
ECSU16,1
World news,1
Wrigley Field,1
18 | 509 ,1
san gabriel la union,1
"Lucknow, India",1
Tafekop Ga-Matsepe,1
"Hattiesburg, MS",1
"Rapid City, South Dakota",1
Karachi ,1
Saint Lucia,1
NBO,1
"Jacksonville Beach, FL",1
"Hamilton County, IN",1
"Wilmington, Delaware",1
?@symbolicjensen?,1
"Pune, Maharashtra",1
Suitland,1
"Madison, WI & St. Louis MO",1
khanna,1
"Galveston, Texas",1
"ATLANTA , GEORGIA ",1
wherever there's netflix,1
Boulder,1
Some other mansion,1
" Nevada Carson City,Freeman St",1
www.twitch.tv/PKSparkxx,1
"Waialua, Hawaii",1
Manchester UK,1
"Derbyshire, United Kingdom",1
"CAMARILLO, CA",1
??+ ... ??+,1
Cameroon,1
An eight-sided polygon,1
"Port Charlotte, FL",1
Û¢OlderCandyBloomÛ¢,1
Bellevue NE,1
|| c h i c a g o ||,1
Guelph Ontario Canada,1
Ad Majorem Dei Glorium,1
"Camberwell, Melbourne",1
Guatemala,1
NOLA ?? TX,1
"Fort Worth, Texas",1
Riyadh '),1
emily | helen | shelley ,1
"KÌ¦ln, Nordrhein-Westfalen",1
"Charleston, IL",1
New Jersey/ D.R.,1
"Lakewood, Tennessee",1
ACCRA GHANA,1
"Caracas, Venezuela.",1
Like us on Face ,1
In the moment,1
Santiago de Cmpostela Galicia,1
"Lawrence, KS via Emporia, KS",1
"CT, USA",1
"Columbia Heights, MN",1
"Windsor,Ontario",1
facebook.com/tradcatknights,1
Texas af,1
somewhere over a rainbow,1
?^åá??åá?^?? ??,1
PROUD INDIANS,1
S.F. Bay area,1
by a piano probably. ,1
on twitter,1
"Halifax, Nouvelle-Ìäcosse",1
bajaur,1
"BROOKLYN, NYC",1
Chicago IL,1
"Eau Claire, Wisconsin",1
"Sumter, SC",1
Alliston Ontario,1
"Mooseknuckle, Maine",1
EGYPT,1
Brazil ,1
Croydon,1
philly,1
"Avon, OH",1
"West Richland, WA",1
Weston super mare,1
[marvelÛ¢dragon ageÛ¢wicdiv],1
The Pig Sty,1
toledo,1
"County Durham, United Kingdom",1
B&B near Alton Towers,1
Êwagger!ÌominicanÌ÷,1
CLT,1
"alberta, canada",1
Bleak House,1
"Kutztown, PA",1
{Detailed},1
Daruka (near Tamworth) NSW,1
probably watching survivor,1
Chicago Area,1
$ad $hawty,1
Nottingham,1
Yellowknife,1
"Eagle Pass, Texas",1
mainly California,1
playing soccer & eating pizza,1
"Lancaster, Pennsylvania, USA",1
Lincoln,1
"The Sanctuary Network, Rome",1
"BILASPUR,CHHATTISGARH,495001",1
"Leeds, U.K.",1
cuba,1
"calgary,ab",1
Nowhere Islands/Smash Manor,1
LiÌ¬ge,1
teh internets,1
"Black Canyon New River, AZ",1
"Las Cruces, NM",1
"DÌ_sseldorf, Germany",1
"South Pasadena, CA",1
Beacon Hills,1
Reading a romance novel,1
Turkmenistan,1
Mexico City,1
Official Website,1
"Richmond Heights, OH",1
youtube.com/channel/UCHWTLC9B4ZjUGh7yDlb55Iw,1
"Leduc, Alberta, Canada",1
"Plano, Texas",1
"Trumann, Arkansas",1
"new york, ny",1
International,1
"Brackley Beach, PE, Canada",1
"Medford, NJ",1
eritrean,1
302???? 815,1
pissing off antis,1
Im Around ... Jersey,1
Own planet!!,1
"Dindigul,TamilNadu.",1
The UK,1
"Duval, WV 25573, USA ?",1
Speaking the Truth in Love,1
NY || live easy? ,1
"Karolinska vÌ_gen 18, Solna",1
"Based out of Portland, Oregon",1
BrowardCounty // Florida ,1
ITALY,1
"USA , AZ",1
"Fort Fizz, Ohio",1
VÌ_a LÌÁctea,1
Adelaide,1
"Kalimantan Timur, Indonesia",1
Pluto,1
Antigua ?? NYC ,1
port matilda pa,1
"Alphen aan den Rijn, Holland",1
"Funtua, Nigeria",1
Cyprus,1
Kernow,1
the own zone layer ,1
A.A.S my Aztec Princess,1
Brooklyn,1
"New Haven, Connecticut",1
San Diego CA,1
"Oshawa, Canada",1
All Around the World,1
Hueco Mundo,1
"Tripsburg, ms.",1
"nashville, tn ",1
"Quilmes , Arg",1
"MÌ©rida, YucatÌÁn",1
"Here, unless there.  ",1
Aperture Science Test Facility,1
The Canopy Kingdom,1
#SOUTHAMPTON ENGLAND,1
(RP),1
South Florida,1
Old Blighty,1
U.S,1
"Nairobi , Kenya",1
AsunciÌ_n-PY / TÌ_bingen-GER,1
"Montana, USA",1
"ÌÏT: 33.209923,-87.545328",1
ATX,1
 Bouvet Island,1
My mind is my world,1
"Aix-en-Provence, France",1
å_: ?? ÌÑ ? : ?,1
Halfrica,1
?????? ???? ??????,1
New York / Worldwide,1
Santo Domingo Alma Rosa ,1
Charlottetown,1
"Port Jervis, NY",1
My heart is a ghost town!,1
"Louisiana, USA",1
Pawnee,1
Some where,1
NEPA/570,1
jeddah | Khartoum,1
God.Family.Money,1
"St. John's, NL, Canada",1
Silvermoon or Ironforge,1
"Dhaka, Bangladsh",1
Ecuador,1
"261 5th Avenue New York, NY ",1
[Gia.] | #KardashianEmpire,1
"Somecity, Somerset, MD",1
"11th dimension, los angeles",1
"San Antonio-ish, TX",1
Westchester,1
"Bristol, England",1
"SF Bay Area, California / Greater Phoenix, AZ",1
Oxford / bristol,1
828??864??803,1
Aro Diaspora,1
9/1/13,1
The D,1
Queensland,1
"Tacoma,Washington",1
lesa * she/her,1
www.facebook.com/stuntfm,1
"Atlanta, Georgia",1
"manchester, uk.",1
Birmingham & Bristol,1
my deli,1
"Melton, GA",1
"Washington, D.C. ",1
"Norwalk, CT",1
"South, England",1
Montana ,1
SOUTHERN CALIFORNIA DESERT,1
Queen Creek AZ,1
lugo,1
The Land of MAss Stupidity,1
"Suva, Fiji Islands.",1
"Orange County, CA",1
Worldwide.,1
"San Jose, CA, USA",1
Arkansas,1
ilford,1
cereal aisle #17:i4,1
"Victoria, Canada",1
"San Diego, Calif.",1
"Coconut Creek, Florida",1
"Asheboro, NC",1
california,1
Asia European Continent Korea ,1
"KLA,Uganda",1
"Free State, South Africa",1
UPTOWN ,1
hey Georgia,1
Northern Colorado,1
"Zeerust, South Africa",1
"Toronto, ON",1
Where ever i please,1
"Stratford, CT",1
"Magnolia, Fiore ",1
AKRON OHIO USA,1
Viterbo BFA Acting '18,1
"Lehigh Valley, PA",1
Chester Football Club,1
Washington state,1
"West Palm Beach, Florida",1
www.tmgcgart.com,1
"perth, australia ",1
"Ashford, Kent, United Kingdom",1
"Orlando/Cocoa Beach, FL",1
"DaKounty, Pa",1
?s????ss? a?????,1
See the barn of bleakness,1
"NYC, New York",1
New Chicago,1
Canada ,1
"570 Vanderbilt; Brooklyn, NY",1
"Eaubonne, 95, France",1
"Hospital, bc of SKH vid.",1
Studio,1
THANJAVUR,1
"Ashland, Oregon",1
Lindenhurst,1
36 & 38,1
Kleenex factory,1
rzl ?,1
Central Florida,1
cigarknub@gmail.com,1
Thane,1
Central Illinois,1
Namjoon's pants,1
Aix-en-Provence/Utrecht,1
Chester ,1
Rafael castillo,1
Malang,1
SouthEast Asia,1
Visit our  dedicated website @,1
"Pueblo, Colorado",1
Canada BC,1
Home is where we park it!,1
Slappin and Smackin ,1
 Miami Beach,1
im definitely taller than you.,1
"SÌ£o Paulo SP,  Brasil",1
icon: cheese3d,1
"Athens, Greece",1
"Plano,TX",1
"Mississauga, Ontario",1
Polmont ,1
"Georgia, U.S.A.",1
"Moscow, Russia",1
In the Shadows...,1
"Gloucestershire , UK",1
"Groningen, Netherlands, Europe",1
ATL??AL??,1
wherever the $$$ at,1
"London, Kent & SE England.",1
"Biloxi, Mississippi",1
CamaquÌ£/Pelotas,1
Banbridge,1
HIÛ¢UTÛ¢AS,1
"West Bank, Gaza Strip",1
"Espoo, Finland",1
"Ljubljana, Slovenia",1
"Cape Town, Khayelitsha",1
St. Louis Mo.,1
"USA, Alabama",1
"Marrakech MÌ©dina, Marrakech - Tensift - Al Haouz",1
"Palma, Islas Baleares",1
"Hendersonville, NC",1
rowyso dallas ,1
"Monterrey, MÌ©xico",1
have car; will travel,1
y/e/l,1
Idaho,1
Varanasi,1
? Jet Life ?,1
Chicora ?? Oakland,1
"Pontevedra, Galicia",1
"Lynnfield, MA",1
"Greenfield, Massachusetts",1
  News,1
"Jubail IC, Saudi Arabia",1
"Bakersfield, CA",1
"ÌÏT: 36.142163,-95.979189",1
Wolverhampton,1
"Rockville, Maryland",1
LIVERPOOL,1
My old New England home,1
Paradise City,1
 Alex/Mika/Leo|18|he/she/they,1
Magnolia,1
"Sligo and Galway, Ireland",1
"Antioch, CA ",1
belleville,1
Nicola Valley,1
Sevier County.,1
Somewhere ,1
Û¢5Û¢12Û¢14Û¢ | åÈ#SaviourSquadåÇ,1
MD,1
"New Jersey, USA",1
"Suburban Detroit, Michigan",1
high way 99,1
Jackson,1
"Kyiv, Ukraine",1
Kuwait,1
"Portage, IN / Worldwide",1
London/Surrey ,1
"ÌÏT: 41.252426,-96.072013",1
"Fredonia,NY",1
"Barcelona, Spain",1
"Spokane, Washington 99206",1
Amsterdam & Worldwide,1
18 Û¢ CC,1
#Bummerville otw,1
Southern Califorina,1
"Peterborough, On",1
Santiago de Chile,1
"Bayonne, NJ",1
Scottsdale. AZ,1
"Ormond By The Sea, FL",1
This Is Paradise. Relax. ,1
The Main ,1
"Boston, Massachusetts",1
NV,1
Get our App,1
"Laguna Beach, Calif. ",1
Auburn ,1
The Windy City,1
Vidalia GA,1
Overton NV,1
"VÌ_sterÌ´s, Sweden",1
"?????????????, Thailand ",1
"Abuja,Nigeria",1
"Honolulu,Hawaii ",1
"Harbour Heights, FL",1
nbc washington,1
"Suginami-ku, Tokyo, Japan",1
Near Warrington,1
"Birmingham, United Kingdom",1
Swag Francisco,1
dreamy lake,1
Earthling (For now!),1
"Escondido, CA",1
In @4SkinChan 's arms,1
"Augusta, Maine, 04330",1
??????? ??????? ????????,1
"Gwersyllt, Wales",1
"ÌÏT: 43.631838,-79.55807",1
"Paris, France",1
#ForeverWithBAP 8 ,1
"Redondo Beach, CA",1
"Alberta, VA",1
1/10 Taron squad,1
"Ogba, Lagos, Nigeria",1
"Sugar Land, TX",1
In your mind,1
"Oakland, Ca",1
"Bournemouth, Dorset, UK",1
"Lincoln, IL",1
Phoenix Az,1
"Cardiff, Wales",1
ON,1
Manhattan,1
Homs- Syria,1
??????????????,1
"Hickville, USA",1
dmv ?? fashion school @ KSU. ,1
North Cack/919,1
"Missouri, USA",1
"Dubai, United Arab Emirates",1
victoria mozÌ£o ,1
Saudi Arabia,1
"BiÌ±an,Laguna",1
10 Steps Ahead.  Cloud 9,1
 Neverland ,1
H / pez & sophia ,1
Charleston S.C.,1
blackfalds.,1
BROKE NIGGAS DREAM!!,1
Two Up Two Down,1
Upstate New York,1
Cheshire. London. #allover,1
Fruit Bowl,1
"48.870833,2.399227",1
"Madison, Wisconsin, USA",1
Watch Those Videos -,1
with Doflamingo,1
"West Chester, PA",1
Christchurch New Zealand,1
Chicagoland,1
BKI-KUA,1
"Live Oak, TX",1
"Philadelphia, Pennsylvania",1
Tallahassee Florida,1
Illumination ,1
"Melbourne, Florida",1
www.aprylpooley.com,1
Vancouver,1
92,1
CCH ,1
south of heaven ,1
Argentina,1
Nashville,1
"1313 W.Patrick St, Frederick",1
"Fort Worth,  Texas ",1
The dark,1
73101,1
University of Toronto,1
"Liberty Lake, WA",1
"Kansas, The Free State! ~ KC",1
Rocketing through the galaxy,1
Norf Carolina,1
"Hughes, AR",1
"Fort Calhoun, NE",1
Catskills,1
"Cambridge, Massachusetts",1
Û¢ Views From The Six Û¢,1
swindon,1
Lytham St Anne's ,1
956,1
"Alicante, Valencia",1
"ÌÏT: 1.50225,103.742992",1
"Catalonia, Spain",1
 Baku & Erzurum ,1
Email: Lovethterry@gmail.com,1
Online 24/7. Not even kidding.,1
Los Angeles for now,1
"El Dorado, KS",1
Morocco,1
"Nova Scotia, Canada",1
"US, PA",1
Honeymoon Ì£ve.,1
"Nevada, USA",1
"Jaipur, India",1
"Mumbai, India",1
"City of London, London",1
The barn,1
"Bishops Lydeard, England",1
Wolverhampton/Brum/Jersey,1
Konoha Village,1
Stowmarket,1
"Loughton, Essex, UK",1
"Minority Privilege, USA",1
North America,1
SURROUNDED BY WEEABOOS,1
North Carolina ,1
"In #Fairie, where else? ;-)",1
Dublin,1
aggressive cannoli eater ,1
instagram: bribriony,1
"North Highlands, CA",1
sÌ£o luis,1
1D | 5SOS | AG,1
"Palm Desert, CA",1
Los Angeles... CA... USA,1
"Washington, D.C., area",1
Amsterdam,1
"New Mexico, USA",1
"Utah, USA",1
"East Atlanta, Georgia",1
South Korea GMT+9,1
"Wasington, DC",1
"Montgomery, AL",1
International ,1
Coimbatore,1
The windy plains of Denver,1
The Globe,1
Fashion Heaven. IG: TMId_,1
winston-salem north carolina,1
marysville ca ,1
"Danbury, CT",1
I ACCEPT SONG REQUESTS,1
"Traverse City, MI",1
3?3?7?SLOPelousas??2?2?5?,1
NYC&NJ,1
"Vermont, USA",1
 New England,1
"Hensley Street, Portland",1
Maryland ,1
Ventura,1
"Nicoma Park, OK",1
Le Memenet,1
"Lancaster, CA",1
"Fort Smith, AR",1
?? Cloud Mafia ??,1
Pembroke NH,1
Davao City,1
Photo : Blue Mountains ,1
Illinois,1
"Vancouver, Colombie-Britannique",1
"Dayton, Ohio",1
"Chippenham/Bath, UK",1
"Cairo, Egypt",1
wny,1
i'm a Citizen of the World,1
KSU 2017,1
"Saskatchewan, Canada",1
Bangkok,1
hyderabad,1
The Internet,1
Woosley,1
London ,1
"Geneva, Switzerland",1
"Chandler, AZ",1
"sydney, australia",1
Htx,1
OK,1
wrapped arnd hyuk's finger,1
ona block w/ my BOY ??,1
Punjab,1
East TN.,1
"El Paso, Texas",1
US-PR,1
"Toronto, Worldwide ",1
Not Of This World,1
Balikesir - Eskisehir,1
The Sun's Corona,1
3000 miles from everyone,1
"iPhone: 33.104393,-96.628624",1
Ziam af ,1
"Whippany, NJ",1
 The World,1
[@blackparavde is my frankie],1
PanamÌÁ ,1
In the clouds...,1
Stay Fly?,1
"VONT ISLAND, LAGOS",1
"Las Vegas, NV USA",1
North Memphis/Global Citizen,1
Smash Manor/Kanto,1
"Nashville, Tennessee",1
"Harlem, New York",1
SoCal,1
Garrett,1
Heathrow,1
"Semarang, Indonesia",1
ohio,1
"Dundas, Ontario",1
"Here, there and everywhere",1
dorito land,1
Devon/London ,1
"Rogersville, MO",1
seoul,1
i love the smurfs 2,1
in Dimitri's arms,1
Corpus Christi,1
Denver Colorado. Fun Times,1
"WAISTDEEP, TX",1
RhodeIsland,1
"Dayton, OH",1
Gloucester,1
travelling to tae's pants,1
#LemonGang ,1
"Mount Vernon, NY",1
"Williamsburg, VA",1
"Brooklyn, New York",1
Hogsmeade,1
Waddesdon,1
AFRICA,1
"Los Angles, CA",1
At Da Laundry Mat Wit Nivea ,1
Minneapolis/St. Paul,1
Benedict College,1
"Fort Walton Beach, Fl",1
Netherlands,1
"louisville, kentucky",1
st.louis county missouri ,1
qosqo,1
"The Epicenter, and Beyond",1
"Henderson, NV",1
"cleveland, oh",1
"Las Vegas, NV",1
Hemel Hempstead,1
Live mÌÁs,1
"Perth, Australia",1
ARBAILO,1
Guayaquil,1
Westerland,1
sheffield // rotherham,1
Amarillo,1
"New South Wales, Australia",1
"Warrandyte, Australia",1
South 37,1
EARTH ,1
IN our hearts  Earth Global ,1
The Wood,1
"eBooks, North America",1
Buffalo/DC,1
Cape Cod,1
"Waterloo, ON",1
#MadeInNorthumberland,1
"Winter Park, Colorado",1
probably not home,1
"Newcastle, OK",1
"Hagerstown, MD",1
the Dirty D,1
Milton Keynes ,1
"New Orleans, Louisiana",1
"Sandton, South Africa",1
St. Louis,1
West Hollywood,1
"Sunshine Coast, Queensland",1
"Livingston, MT",1
Selena | Britney | Hilary,1
SaudI arabia - riyadh ,1
Americas Newsroom,1
"WASHINGTON,DC",1
bk. ,1
columbus ohio,1
Neverland,1
GLOBAL/WORLDWIDE,1
"Youngstown, OH",1
"Torrance, CA",1
sisterhood,1
Eastern Iowa,1
"Crayford, London",1
Somewhere Powerbraking A Chevy,1
"Morganville, Texas.",1
Frostburg,1
The Jewfnited State,1
on the web,1
indiana,1
65,1
CORNFIELDS,1
"Jersey City, New Jersey",1
? icon by @Hashiren_3 ?,1
Worldwide - Global,1
On the court ,1
"Jamshedpur, Jharkhand",1
Chennai,1
In a crazy genius mind,1
"Oxford, MS",1
"Novi, MI",1
Killarney,1
North East / Middlesbrough ,1
EveryWhere,1
Newcastle upon Tyne,1
"Abuja, Nigeria",1
"Wildomar, CA",1
Somewhere else...,1
come here in 20 minutes for an ass kicking,1
big boy Û¢ 0802,1
"Bandar Lampung, Indonesia",1
Inside your mind.,1
TonyJ@Centralizedhockey.com,1
Serva Fidem,1
Houston |??| Corsicana,1
Austin | San Diego,1
"Temecula, CA",1
"Charlotte, North Carolina",1
"BodÌü, Norge",1
chicago,1
From a torn up town MANCHESTER,1
"Coventry, Rhode Island",1
"New Jersey, usually",1
"Atlanta, Georgia USA",1
Ukraine and Ireland,1
miami x dallas ,1
Kansas,1
"Mariveles, Bataan",1
Arundel ,1
Houma La,1
"Cambridge, MA",1
"Basketball City, USA ",1
Over the Moon...,1
?semekeepschanging@soyeh?,1
#RedSoxNation,1
"Davis, California",1
We are global!,1
Tampa,1
INDIA,1
Me mammy's belly,1
HOMRA.,1
Kirkwall,1
Sunny South florida ,1
"Paulton, England",1
OES 4th Point. sisSTAR & TI,1
U.S.A and Canada,1
"Fresno, California",1
Galatians 2:20 ,1
"McLean, VA",1
bahstun/porta reeko,1
"Jonesboro, AR MO, IOWA USA",1
North West London,1
"Liberty Township, Ohio",1
everydaynigerian@gmail.com,1
"Mooresville, NC",1
"Washington, Krasnodar (Russia)",1
Toronto-Citizen of Canada & US,1
"  Melbourne, Australia",1
Nice places ,1
the azure cloud,1
ny,1
State of Dreaming,1
"Alexandria, Egypt.",1
taking pain like pleasure,1
i beg vines sorry ,1
"Mankato, MN",1
Houston ,1
Cascadia,1
"Chiyoda Ward, Tokyo",1
"Livingston, IL  U.S.A.",1
Freeport il ,1
New York 2099,1
"Fairfield, California",1
Stamford & Cork (& Shropshire),1
Jackson TN,1
The Great State of Texas,1
UGA '15 Alumnus - Economics ,1
Brisbane.,1
Hollywood,1
"Atlantic, IA",1
"England,UK,Europe,Sol 3.",1
"SÌ£o Paulo, Brasil",1
"Scottsdale, AZ",1
IG/SC:bjfordiani,1
Lincoln City Oregon,1
Tips on my blog at,1
"Huber Heights, OH",1
"Frisco, TX",1
"Watertown, Mass.",1
"505 W. Maple, Suite 100",1
"Srinagar,Kashmir",1
The Desert,1
France,1
#937??#734,1
Right next to Compton,1
Malibu/SantaFe/Winning!,1
"Littleton, CO",1
Fairgrounds Resident,1
"Broomfield, CO",1
"Miami, Florida",1
"Elizabeth, NJ",1
"Houston, TX  ",1
Jersey Shore,1
#SandraBland,1
Erbil,1
"Hamilton, Ontario CA",1
//RP\ ot @Mort3mer\\,1
"Oxford, OH",1
Valparaiso ,1
In the spirit world,1
Somewhere out there,1
"Halifax, Nova Scotia",1
North West England UK,1
"Santa Maria, CA",1
Paname City,1
"Eureka, California, USA",1
Extraterrestrial Highway,1
Right here,1
"Elk Grove, CA, USA",1
"TV5, Philippines",1
"Yellowknife, NT",1
russia,1
Inside your webcam. Stop that.,1
  å_ ,1
#WashingtonState #Seattle,1
Where I Need To Be,1
??? ???? ??????,1
"Wailuku, Maui",1
23 countries and counting!,1
Hell,1
"Nelspruit, South Africa",1
"Enterprise, Alabama",1
PROV,1
middle eastern palace,1
"Charlotte, N.C.",1
los angeles,1
philly ,1
PURPLE BOOTH STUDIOã¢,1
VitÌ_ria (ES),1
ÛÊÛÊÛÊ,1
"Haiku, Maui, Hawaii",1
Depok,1
"NY, NY",1
Roanoke VA,1
"Medford, Oregon",1
London.,1
?? ??,1
New York. NY,1
In a graveyard ,1
garowe puntland somalia,1
"Grimsby, England",1
CHICAGO (312),1
Portoviejo-Manabi-Ecuador,1
lagos. Unilag,1
Columbus ?? North Carolina,1
Shady Pines ,1
"Charlotte, NC | KÌ¦ln, NRW",1
planeta H2o,1
"No ID, No VOTE!!!",1
tokyo,1
ca(NADA) ,1
"Long Island, NY",1
Crato - CE ,1
Savage States of America,1
Greenwich Meridian,1
UK  & Germany,1
"From NY. In Scranton, PA",1
"Bokaro Steel City, Jharkhand",1
"Spain but Opa-Locka, FL",1
"Okuma Town, Fukushima",1
East London,1
"Palm Beach County, FL",1
Fakefams,1
"Deadend, UK",1
"Philadelphia, Pennsylvania USA",1
"Kalamazoo, Michigan",1
"Bangalore City, India",1
Conversing In Janet's CafÌ¬,1
"Reston, VA, USA",1
Oshawa/Toronto,1
"St. Joseph, Minnesota",1
Colchester Essex ,1
"Chiswick, London",1
denver colorado,1
"Planet Eyal, Shandral System",1
Warsaw,1
"Wales, United Kingdom",1
Beirut/Toronto,1
Land of Lincoln,1
Colorado Springs,1
"Eastlake, OH",1
Hartford  London Hong Kong,1
"Pelham, AL",1
the moon,1
Spinning through time.,1
"Ottawa, Ontario",1
Brum/Lestah ,1
"Fredericksburg, Virginia",1
"Paducah, KY",1
M!$$!$$!PP!,1
University of Chicago,1
Shanghai,1
"Dunwoody, GA",1
"Surulere Lagos,Home Of Swagg",1
"Chester, IL",1
"San Diego, California",1
"Sutton, London UK",1
"austin, texas",1
The Howling,1
houstn,1
"Cambridge, Massachusetts, U.S.",1
"University Heights, Ohio",1
Wakanda,1
#iminchina,1
Forging my Story,1
"Arlington, VA",1
Why should you know?,1
The Meadow,1
"Topeka, KS",1
St. Patrick's Purgatory,1
"Manavadar, Gujarat",1
taco bell,1
3???2???????,1
Earth ,1
Bathtub de Bett ,1
"Basking Ridge, NJ",1
South africa,1
Spain,1
"NH via Boston, MA",1
"Click the link below, okay ",1
infj ,1
"Victoria, Tx.",1
"Hampton Roads, VA",1
MAURITIUS,1
IUPUI '19,1
Islamabad,1
"Quantico, VA",1
music.,1
"ÌÏT: 27.9136024,-81.6078532",1
"Joshua Tree, CA",1
New Delhi,1
"Rome, Italy",1
africa,1
"Piedmont Triad, NC",1
WORLDWIDE-BOSTON,1
"Leeds, UK",1
RSN: Tru,1
Principality of Zeron,1
"Plano, IL",1
elizabeth king,1
?????? in Yokohama Japan,1
"Fife, WA",1
Bahrain,1
Palestine ,1
Canterbury kent,1
On the toilet having a dump ,1
"PG County, MD",1
Pontefract UK,1
"Henderson, Nevada",1
"washington, d.c.",1
SEA Server,1
Vail Valley,1
? Philly Baby ?,1
"Saint Louis, Missouri",1
Vancouver (HQ) and worldwide,1
NC || OR,1
Florida but I wanna be n Texas,1
"Hawthorne, NE",1
Marbella. Spain,1
Cydia,1
#????? Libya#,1
SoDak,1
"UK,singer,songwriter,?2 act",1
in my own personal hell (:,1
"Winston Salem, North Carolina",1
Bronx NYC / M-City NY,1
"di langit 7 bidadari (^,^ )",1
"Waco, Texas",1
santo domingo,1
"Pueblo, CO",1
Pittsburgh PA,1
"portland, oregon",1
AZ,1
CT & NY,1
New Jersey ,1
??9?,1
"Elsewhere, NZ",1
Unites States,1
"Kentucky, USA",1
paradise,1
The ?? below ???,1
At Work,1
"New York, United States",1
"Ottawa,Ontario Canada",1
 snapchat // fvck_casper ,1
Centurion ,1
Charlotte ,1
everywhere ,1
"Riverdale, GA ",1
Big NorthEast Litter Box,1
Cassadaga Florida,1
BIG D  HOUSTON/BOSTON/DENVER,1
A sofa,1
buhh,1
"Cleveland, TN",1
The North,1
"Cairo, Egypt.",1
W.I.T.S Academy,1
"Alameda, CA",1
USA ,1
Killafornia made me ,1
Ankara - Malatya - ad Orontem,1
#WhereverI'mAt,1
Land Of The Kings,1
GCC,1
Brighton and Hove,1
tripoli international airport,1
THE 6IX,1
"Greeley, CO",1
YA MOTHA BED,1
Bracknell,1
SEC Country,1
"Webster, TX",1
South east of U.K,1
"Houston,  TX",1
NAIROBI  KENYA ,1
Spain - China - Latin America.,1
"Shah Alam,Malaysia",1
"Riverview, FL ",1
Australian Capital Territory,1
"North Dartmouth, Massachusetts",1
Freeport IL. USA,1
MI,1
"Swindon,England ",1
"Holland MI via Houston, CLE",1
"Toronto, ON, Canada",1
"Park Ridge, Illinois",1
"Sharkatraz/Bindle's Cleft, PA",1
kano,1
In my studio,1
todaysbigstock.com,1
"Itirapina, SÌ£o Paulo",1
"MedellÌ_n, Antioquia",1
Hinterestland,1
miami,1
NAWF SIDE POKING OUT ,1
cognitive dissonance town,1
"Groton, CT",1
"Bangor, Co.Down",1
"Atlanta, Ga",1
New York ? ATL,1
Ellensburg to Spokane,1
illinois. united state ,1
"Huntley, IL",1
"Menasha, WI",1
"London, Greater London, UK",1
Milton keynes,1
"Lethbridge, Alberta, Canada",1
Athens - Nicosia,1
U.S.,1
italy,1
#freegucci,1
Bushkill pa,1
Unknown ,1
Dimapur,1
"Palm Bay, FL (Kissimmee)",1
"Dalkeith, Scotland",1
"Flushing, Queens",1
In Space,1
"toronto, ontario",1
"LITTLETON, CO, USA, TERRAN",1
Displaced Son of TEXAS!,1
"Sunnyvale, CA",1
wherever-the-fuck washington,1
Im In Route ,1
Quincy MA,1
"Silesia, Poland",1
"Fleet/Oxford, UK",1
ayr,1
"Arlington, VA and DC",1
Purfleet,1
"Hamilton, ON",1
"Buxton, Venice, and Nottingham",1
"Sanganer, Rajasthan",1
"Melbourne, FL",1
"New Brunswick, NJ",1
Tarragona,1
access to njh/5 and cth/4,1
"Greater Manchester, UK",1
Proudly frozen Canuck eh !!,1
Madisonville TN,1
Here & There,1
Sao Paulo,1
Twitter Lockout in progress,1
"Elmwood Park, NJ",1
"Waukesha, WI",1
nc,1
"Petaluma, CA",1
"Inglewood, CA",1
"ÌÏT: 6.488400524109015,3.352798039832285",1
Albany/NY,1
Storybrooke ,1
Florida USA,1
"a feminist, modernist hag.",1
"Jersey City, NJ",1
"Highland Park, CA",1
"Gages Lake, IL",1
"Kolkata, India",1
Mpela'zwe ,1
The land of New Jersey. ,1
5-Feb,1
Just Happy to Be Anywhere,1
"Columbus, Georgia",1
My subconscious,1
"Richmond, VA",1
Coasts of Maine & California,1
missouri USA,1
"Dreieich, Germany",1
Twitterville,1
Perthshire ,1
The Desert of the Real,1
#keepthefaith J&J,1
"Sheffield Township, Ohio",1
"Neath, South Wales",1
@ ForSL/RP,1
"Slatina,Romania",1
"R'lyeh, South Pacific",1
someplace living my life,1
T E X A S | wwat 8.24.14,1
Uruguay / Westeros / Gallifrey,1
"Whiterun, Skyrim",1
"Lubbock, Texas",1
Austin TX,1
hollywoodland ,1
Lake Highlands,1
"West Lancashire, UK.",1
"Jogja, Indonesia Slowly Asia",1
"Sylacauga, Alabama",1
"Bolton & Tewkesbury, UK",1
"Newton, NJ 07860",1
Durham N.C ,1
jayankondacholapuram.tamilnadu,1
"Des Moines, Iowa ",1
Chicopee MA,1
NYHC,1
Instagram: trillrebel_,1
"Kelowna, BC",1
"Jubail IC, Saudi Arabia.",1
JamDung,1
"Charleston, SC",1
N. California USA,1
Every where,1
Numenor,1
City Of Joy,1
back in japan ??????????,1
"Santa Monica, CA",1
(he/him),1
Nunya,1
"Upper manhattan, New York",1
"Littleton, CO, USA",1
GOT7SupportPH,1
"Pakistan, Islamabad",1
" Quantico Marine Base, VA.",1
Montreal,1
Somewhere Out There,1
The Empire/First Order,1
"Amazon Seller , Propagandist",1
"Hammersmith, London",1
"Chicago Heights, IL",1
PLFD cuh..,1
Behind The Obama Curtain,1
Milton/Tallahassee,1
Still. ??S.A.N.D.O.S??,1
"Williamstown, VT",1
3rd Eye Chakra,1
ARIZONA,1
EspÌ_rito Santo,1
"Afghanistan, USA",1
"Roppongi, Minato, Tokyo ",1
401 livin',1
Loughborough.,1
"Frankfort, KY",1
followurDREAMS(& my instagram),1
Waterfront,1
Massachusetts ,1
North East Unsigned Radio,1
"Brecksville, OH",1
Est. September 2012 - Bristol,1
"Dallas, Tejas",1
"Brazos Valley, Texas",1
AEP,1
"ÌÏT: 40.707762,-74.014213",1
"yorkshire
",1
412 NW 5th Ave. Portland OR,1
"Cavite, Philippines",1
 Jariana Town,1
Whole World ,1
Gumptown,1
chillin at ceder rapids,1
"Friendswood, TX",1
"Brasil,SP",1
"Burlington, VT",1
NJ/NY/NM/NE/ND,1
FSC '19,1
Proud @BuckMasonUSA supporter!,1
"Northampton, MA",1
11202,1
Back East in PA,1
MÌ©xico D.F.,1
Port Williams NS,1
"Eww, I'm not Paul Elam",1
"Fort Lauderdale, FL",1
Austin/Los Angeles,1
"Ames, Iowa",1
Regalo Island,1
Delhi,1
San Fransokyo,1
I-75 in Florida,1
"Fort Valley,GA/Fayetteville,AR",1
"Walker County, Alabama",1
Baydestrian,1
"LONG ISLAND, NY",1
"Gloucester, MA",1
Torry Alvarez love forever ? ?,1
beacon hills ,1
Malaysia/Jordan,1
??t?a,1
"La Puente, CA",1
"Bedford, England",1
"Fort Myers, Florida",1
Southern Maine,1
liverpool ,1
WorldWideWeb,1
MY RTs ARE NOT ENDORSEMENTS,1
"Denton, Texas",1
"Philadelphia, PA USA",1
"Waterloo, Ont",1
"Xi'an, China",1
the burrow,1
Trackside California,1
ATL ? SEA ,1
"Evansville, IN",1
Essex/Brighton,1
International Action,1
Peshawar,1
"Rotterdam, Zuid-Holland",1
We're All Mad Here,1
UK & Ibiza,1
Reddit,1
"Peterborough, Ontario, Canada",1
Bristol,1
The P (South Philly),1
lost in my thoughts,1
"Wausau, Wisconsin",1
please H? ?:??,1
North Jersey,1
"Tyler, TX",1
az,1
?Gangsta OC / MV RP; 18+.?,1
"Kwara, Nigeria",1
laying on the bass,1
Tamworth,1
"Chorley, Lancashire, UK",1
"Tallahassee, FL",1
Soul Somalia/Body Montreal,1
Glenview to Knoxville ,1
America | New Zealand ,1
Pratt-on-Wye,1
Warszawa,1
"Surry Hills, Sydney",1
Pon Di Gully,1
??? ???? ?f glory. ?,1
NYC metro,1
southern california,1
Desert Storm?? |BCHS|,1
"Edmonton, Alberta",1
Û¢FLGÛ¢,1
Somewhere,1
"Queens, NY",1
"Minneapolis,MN,US",1
Varies ,1
Temporary Towers,1
"Pompano Beach, FL",1
//??//,1
Anywhere Safe,1
Lizzy's Knee,1
"Tennessee, USA",1
"Fort Collins, CO",1
"Ealing, London",1
"( ?å¡ ?? ?å¡), ",1
"heart of darkness, unholy ?",1
h+l,1
"Olathe, KS",1
å_å_Los Mina Cityã¢,1
Thailand Malaysia Indonesia ,1
EPTX,1
"Pocatello, Idaho",1
Reality,1
Valle Del Sol,1
Utica NY,1
L'Enfant Plaza Metro Station,1
"Edmonton, Alberta - Treaty 6",1
"Copenhagen, Capital Region of Denmark",1
Zac Newsome loves me,1
The 5th Dimension. ,1
British girl in Texas,1
Azeroth,1
Konoha,1
"Paradise, NV",1
"Ventura, Ca",1
"Nomad, USA",1
"Manchester, The World, England",1
Realville,1
JDB/LJC/AGB/TW/PLL,1
Around the world,1
Aberdeenshire,1
" 616 Û¢ Kentwood , MI ",1
-?s?s?j??s-,1
Eagle River Alaska,1
"Books Published, USA",1
"Arnhem, the Netherlands",1
District 12 - Orange County,1
"Orlando,FL  USA",1
???????? ?????????.,1
nowhere,1
Someday I'll live in England. ,1
"Vancouver, Canada",1
Manila City,1
"Mostly Wellington, NZ ",1
"Lahti, Finland",1
Essex,1
EastAtlanta ??#WestGeorgia'18,1
"UAE,Sharjah/ AbuDhabi",1
 Somewhere.,1
"Hampstead, London.",1
livin in a plastic world,1
"Colonial Heights, VA",1
Boston Û¢ Cape Cod ?,1
proudly South African,1
Welt,1
"Hollywood, CA",1
Meereen ,1
New York NYC,1
"Augusta, GA",1
"Minneapolis, MN",1
... -.- -.--,1
nap central,1
"Kuala Lumpur, Malaysia",1
MUM-DEL,1
Johannesburg ,1
Ashxjonespr@gmail.com,1
they/her,1
The Forever Girl,1
kisumu,1
The TARDIS,1
Long Island NY & San Francisco,1
Beside Basketball,1
University of Limerick,1
"Bay Area, CA",1
somewhere in cali ,1
World Wide!!,1
"Indonesia
",1
Lurking,1
"Fort Walton Beach, FL",1
"Whitby, ON",1
Under Santa Barbara Skies,1
"Sioux Falls, S.D. ",1
"Linton Hall, VA",1
Shipwreck Cove,1
"Den Helder, Rijkswerf",1
prob turning up with sheen,1
Yobe State,1
"Dorset, United Kingdom",1
"Yadkinville, NC",1
"Benicia, CA ",1
"Crouch End, London",1
dope show,1
DMV,1
Bay Area,1
"Walthamstow, London",1
Downtown Oklahoma City,1
Did anybody see me here ??,1
"Keighley, England",1
Bangkok Thailand,1
 |IG: imaginedragoner,1
a box,1
"Island Lake, IL",1
Score More Goals Buying @,1
Mid north coast of NSW,1
nor*cal,1
Internet,1
Australia ,1
"Laredo, TX",1
Duncan,1
tri state,1
London/Bristol/Guildford,1
elena's bed // info on link,1
WORLDWIDE!,1
Proudly Canadian!,1
Dakar,1
å¡å¡Midwest Û¢Û¢,1
"Miami,FL",1
Diamondville,1
nap queen,1
www.youtube.com?Malkavius2,1
"Guildford, UK",1
St Joseph de Beauce,1
Wolmers Trust School for Boys ,1
I'm standing behind you,1
Evergreen Colorado,1
Rural Northern Nevada,1
Jammu | Kashmir | Delhi,1
the Refrigerator ,1
åø\_(?)_/åø,1
"Warwick, RI @Dollarocracy also",1
"Ontario, Canada. ",1
Wherever I'm sent,1
"Spokane, Washington",1
Bagalkote Karnataka ,1
Western New York,1
"CPT & JHB, South Africa",1
Hustletown,1
"Lebanon, Tennessee",1
Area 8 ,1
Cornwall,1
USA - Canada - Europe - Asia,1
#GDJB #ASOT,1
17-Feb,1
"Amman,Jordan",1
"Pennsylvania, PA",1
mpls. ,1
Kingswinford,1
Paranaque City,1
"Overland Park, KS",1
Zimbabwe,1
shoujo hell ,1
NEW YORK,1
LYNBROOK,1
Emirates,1
Nashua NH,1
Ikorodu,1
somewhere in Portugal,1
statesboro/vidalia,1
iTunes - RSS,1
"2B Hindhede Rd, Singapore",1
Some Where in this World,1
"???????, Texas",1
"Houston, Texas ! ",1
under the blanket,1
"Greenville, S.C.",1
Stay Tuned ;) ,1
"1648 Queen St. West, Toronto.",1
where the wild things are,1
I Heard #2MBikers,1
Michel Delving.,1
??? ??? ????? ??? ???.,1
"Kettering, OH",1
?? ?+254? ? \??å¡_??å¡_???å¡_?/??,1
Lahore,1
Near Yosemite,1
"Sale, England",1
"Clayton, NC",1
"Cedar Island, Clinton CT 06413",1
Chicago - Lake Buena Vista,1
Not Steven Yeun / AMC.,1
"Helsinki, Finland",1
ill yorker,1
"Gainesville/Tampa, FL",1
"Burbank,CA",1
Austin,1
"Gettysburg, PA",1
Peoria,1
"City of Angels, CA",1
Unnamed City,1
melbourne,1
"Cuernavaca, Morelos, MÌ©xico.",1
Birmingham and the Marches,1
In the Shadows,1
"Wilmington, DE",1
Blogland,1
"Voorhees, NJ",1
"Bucks County, Pa",1
"Orbost, Victoria, Australia",1
(Spain),1
Caribbean,1
MIchigan,1
Atmosphere,1
"Macon, Georgia",1
Your notifications,1
"Bristol, UK",1
Charlotte County Florida,1
The Low-Cal Calzone Zone,1
Philippines ,1
texasss,1
in my head,1
Primum non nocere,1
Unite. Bless. Wallahi ,1
"Concord, NH ",1
QUEENS.,1
Host of #MindMoversPodcast,1
"Lake Monticello, VA",1
"Playa del Carmen, Mexico",1
"Nigeria, Global",1
Sheff/Bangor/Salamanca/Madrid,1
"New York City, NY",1
Insula Barataria,1
Adventuring in Narnia,1
EVERYWHERE,1
"Conroe, TX",1
  Glasgow ,1
"Gujranwala, Pakistan",1
"Indiana, USA",1
"Oneonta, NY/ Staten Island, NY",1
PSA Nursing ,1
"South West, England",1
Chattanooga TN,1
Rio,1
LAGOS,1
Leitchfield Kentucky,1
Ondo,1
"Santiago,RepÌ¼blica Dominicana",1
London / Birmingham,1
"Paonia, Colorado ",1
Lives in London,1
"Nanaimo, BC, Canada",1
Uganda,1
Mexico! ^_^,1
"Belbroughton, England",1
"Kamloops, BC",1
ALWAYS DYING NEVER RESTING,1
"Largo, MD",1
"GREENSBORO,NORTH CAROLINA",1
One World,1
Kilkenny,1
Shity land of Northern Ireland,1
"La Grange Park, IL",1
Long Island,1
"Aarhus, Central Jutland",1
"Killa Hill, CO",1
"Norman, Oklahoma",1
"Dorset, UK",1
"Terre Haute, IN",1
"Chicago, IL 60607",1
"Peterborough, Ont.",1
St PetersburgFL,1
Storybrooke / The Moors,1
"Cimahi,West Java,Indonesia",1
Mackem in Bolton,1
Contoocook Valley Region of Ne,1
"Houston, Texas",1
"Marietta, GA",1
"New Britain, CT",1
"Nadiad ,Gujarat , India!!",1
Reading UK,1
ANDY 4 LEADER X,1
Eastbourne England,1
"Stalybridge, Tameside",1
Metro Manila,1
"Washington DC / Nantes, France",1
"Beaumont, TX",1
"Bozeman, Montana",1
"Los Angeles, Calif.",1
"Kenosha, WI 53143",1
Loading...,1
  ,1
SD |Norway| KSA,1
"Tucson, Az",1
You're not 19 forever   ,1
??? ?????????????,1
"Wood Buffalo, Alberta",1
Mentor OH,1
"Ile-Ife,Osun state, Nigeria",1
"Carol Stream, Illinois",1
"Netherlands,Amsterdam-Virtual ",1
MI - CA,1
"golborne, north west england.",1
Saint Paul,1
"Savannah, GA",1
"Greensburg, PA",1
manaus,1
ava,1
"Oklahoma, USA",1
toronto Û¢ dallas,1
"Louisville, KY ",1
denmark,1
california | oregon | peru |,1
Cimerak - Pangandaran,1
"Astley, Manchester",1
Deployed in the Middle East,1
"Hope Road, Jamaica ",1
Here there and everywhere,1
Quincy,1
between ideas & 3-5pm AEST,1
IG : Sincerely_TSUNAMI,1
772 Temperance Permenence,1
"Gurgaon, Haryana. ",1
"SEATTLE, WA USA",1
"Alabama, USA",1
"southwest, Tx",1
"Belleville, Illinois",1
Chappaqua NY and Redlands CA,1
"Spring Grove, IL",1
"Anna Maria, FL",1
"Tulalip, Washington",1
"Porto Alegre, Rio Grande do Sul",1
North London,1
Vancouver Canada,1
"Mogadishu, Somalia",1
JKT48-Muse-A7X,1
Paris ,1
"Irving , Texas",1
http://twitch.tv/jcmonkey,1
60th St (SS),1
Trost District,1
"Lynwood, CA",1
The Memesphere,1
Himalayan Mountains,1
"Palermo, Sicily",1
"Las Vegas, NV ",1
"Pune, mostly ",1
"St Louis, MO",1
Orm,1
mexico,1
oxford,1
Dudetown,1
sindria,1
"Franklin, TN near Nashville",1
The Shire,1
All around the world!,1
london / st catharines ?,1
"Yulee, FL",1
U.S. Northern Virginia,1
Lexington,1
Republic of the Philippines,1
The Internet & NYC,1
Melbourne-ish,1
Rhode Island,1
PH,1
IM LOST ,1
MNL,1
"Dalston, Hackney",1
"Memphis,TN/ World Wide",1
the road to success,1
"Greensboro, NC",1
"Kenton, Ohio",1
"Christiana,Tennessee",1
"Inverness, Nova Scotia",1
"New Delhi,India",1
The Harbinger.,1
mi,1
Las Vegas aka Hell,1
"Miami,Fla",1
"sitting on the fence, New York",1
"NYC,US - Cali, Colombia",1
Somewhere Around You,1
316,1
South Asia,1
"Cypress, CA 90630",1
"Essex, England",1
"WV, love the blue and gold",1
Bikini bottom,1
Pomfret/Providence,1
Oklahoma,1
"Rochester, NY",1
Score Team Goals Buying @,1
#EngleWood CHICAGO ,1
"Honolulu, Hawaii",1
"Calgary,AB, Canada",1
Lahar & Gwalior,1
Milwaukee WI,1
"Lethbridge, AB, Canada",1
Home of the Takers.,1
Alberta ,1
btwn a rock and a hard place,1
IL,1
åÊ(?Û¢`?Û¢å«)??,1
"Jonesboro, Arkansas USA",1
"Rockford, IL",1
Live4Heed??,1
Mid West,1
snapchat~ maddzz_babby ,1
"Orange County, Calif.",1
Birmingham UK,1
"NY, CT & Greece",1
Surabaya,1
"West Vancouver, B.C.",1
On a beach ,1
"Sydney, NSW",1
Akure city in ondo state ,1
a botanical garden probably,1
instagram- Chloe_Bellx,1
Former Yugoslav Republic of Macedonia,1
"Saint Marys, GA",1
NYC area,1
I rap to burn shame.,1
"Riverside, California.",1
"Mysore, Karnataka",1
"Nashville, Tn",1
call me peach or sam lo,1
English Midlands,1
"Medan,Indonesia",1
EIU  Chucktown/LaSalle IL,1
5/5 access / rt link please x,1
?? Made in the Philippines ??,1
Gameday,1
VISIT MY YOUTUBE CHANNEL.,1
Gold Coast,1
The Orwellion police-state,1
london essex england uk,1
Ebola,1
"Hilton Head, SC  ",1
Higher Places,1
#MayGodHelpUS,1
Paris (France),1
"Cape Neddick, ME",1
"Bridport, England",1
FOLLOWS YOU everywhere you go,1
"Kabul, Tuebingen, Innsbruck",1
BOSTON-LONDON,1
650/559,1
too far,1
University of South Florida,1
"Woodcreek HS, Roseville, CA",1
a van down by the river,1
"Earth, Milky Way, Universe",1
milky way,1
Justin and Ariana follow,1
eARth 3,1
"the void, U.S.A",1
"Noida, NCR, India",1
Aztec NM,1
"Toledo, OH",1
"Gotham City,USA",1
"DFW, Texas",1
"Edinburgh, Scotland",1
peshawar pakistan ,1
Your Sister's Bedroom,1
I O W A,1
Û¢901Û¢,1
"Thibodaux, LA",1
Gander NF,1
neil's kitchen  |  32215,1
Oblivion?,1
"Downtown Churubusco, Indiana",1
Top secret bunker ,1
cedar rapids ia,1
LA ??,1
Carregado,1
"Fountain City, IN ",1
Mumbai india,1
14/cis/istj ,1
gamertag: bexrayandvav ,1
Also follow ?,1
Robin Hood's County ,1
Yewa zone,1
"Holly Springs, NC ",1
Bombardment Bay,1
InterplanetaryZone,1
M!A: None,1
"Morris, IL",1
Dil's Campsite,1
NY Capital District,1
Providence RI / Lisnaskea ,1
"Layang-Layang, Perak",1
"Quito, Ecuador.",1
"Huntsville, Alabama",1
"Saline, MI",1
PG Chillin!,1
"Madrid, Comunidad de Madrid",1
dublin ,1
us,1
Waco TX,1
Menlo Park. SFO. The World.,1
WonderlandÛÓ ?????? ???? ??????,1
Colorado/WorldWide,1
right here,1
Gidi,1
"Penn Hills, PA",1
Trapped in my Conscience ,1
" BC, US, Asia or Europe.",1
we?it Û¢ ixwin,1
"Canberra, Australian Capital Territory",1
"East Islip, NY",1
WORDLDWIDE,1
"Johannesburg, South Africa ",1
ducked off . . . ,1
TechFish ,1
"Clearwater, FL",1
#ODU,1
"Goa, India",1
"Brisbane, Queensland",1
"Jerusalem, Israel",1
"Bolivar, MO",1
Campo Grande-MS,1
"Lynchburg, VA",1
Galapa / AtlÌÁntico,1
Bossland,1
AUSTRALIA-SOUTHAFRICA-CAMBODIA,1
"Santa Clara, CA",1
Fukushima city Fukushima.pref,1
"ATL, GA",1
"Atlantic Highlands, NJ",1
"Horsemind, MI",1
Halton Region,1
QLD Australia,1
"Lansdale,Pennsylvania",1
"ÌÏT: 19.123127,72.825133",1
Ideally under a big tree,1
"brisbane, australia",1
NEWCASTLE,1
FLYEST HIPPIE YOU KNOW ,1
"Alaska, USA",1
 Blood Indian Reserve,1
???? ???????,1
Porthcawl,1
FIMAK A.S Ist Bolge Muduru,1
Beit El - Israel,1
Jersey,1
Tipperary (Long Way) ,1
"Hannover, Germany",1
"West Hollywood, CA",1
"San Diego, Texas.",1
Ktx,1
"Jackson, MS",1
honeymoon avenue,1
England ,1
he/him or she/her (ask),1
Republica Dominicana,1
#PhanTrash,1
"New York City ,NY",1
"52.479722, 62.184971",1
The Waystone Inn,1
"WestEnd, Puritan Ave ",1
"Jacksonville, FL",1
"Cleveland, Ohio",1
"El Paso, TX",1
"Calgary, Canada",1
"Dover, DE",1
ATL ??,1
NJ/NYC,1
Zero Branco,1
norway,1
Sacae Plains,1
nj,1
The Shady Hyenatown of Finland,1
"Wisconsin, USA",1
Anywhere I like,1
BOT ACCOUNT,1
"sitting on Eddie Vedders lap,",1
antoine fisher ,1
"Berlin, NY, DC, Malibu",1
Spring Tx,1
"Fort Knox, KY 40121",1
"Midwest City, OK",1
Attock,1
EspaÌ±a,1
"USA, WA",1
"St. Catharines, Ontario",1
At your back,1
Virgo Supercluster,1
Albuquerque,1
cork,1
"Hampshire, UK",1
Bulgaria,1
"Ocean City, NJ",1
"Hillsville/Lynchburg, VA",1
"Cuttack, Orissa",1
japon,1
EARTH,1
"Caserta-Roma, Italy ",1
"North Vancouver, BC",1
Alberta Pack,1
"Level 3 Garrison, Sector G",1
Laventillemoorings ,1
Hame,1
Tring ,1
Here And There,1
2005 |-/,1
Skyport de la Rosa,1
Tennessee/Gallifrey,1
"Bronx, NY",1
amsterdayum 120615 062415,1
on twitter ,1
ngapain?,1
"Perenjori, WA",1
LFC x GSW,1
"USA, Haiti, Nepal",1
"Benton City, Washington",1
"Chicago,Illinois",1
Somewhere in China.,1
"Sioux Falls, SD",1
don't run,1
"Shirley, NY",1
"Queensland, Australia",1
London/Outlaw Country ,1
Pro-American and Anti-#Occupy,1
taking bath do not disturb,1
Carry On Jutta!!!,1
Brizzle City !,1
buffalo / madrid / granada,1
walking the tightrope,1
627,1
but i love kaylen ??,1
south africa eastern cape,1
"Auburn, AL",1
Lima-Peru,1
Swan River,1
Patra-Greece.,1
"The Hammock, FL, USA",1
Miami?Gainesville,1
"Sacramento, California",1
Miami via Lima,1
"Hermitage, PA",1
Tunbridge Wells,1
Bug Forest,1
"Sicamous, British Columbia",1
Our Empire State,1
Tractor land aka Bristol,1
"Lima, PerÌ¼",1
Far Away From Home,1
"Bellville, Ohio",1
"San Mateo County, CA",1
"Halifax, NS, Canada",1
staggering on tenement roofs,1
austin tx,1
Buffalo NY,1
"Alameda and Pleasanton, CA",1
Seattle WA,1
"San Francisco , CA",1
"Edappally,Kochi",1
"Dallas, Texas. ",1
"21, Porto",1
FILM OUT LATE 2015,1
The Pumpkin Carriage of Dreams,1
Boston/Montreal ,1
"Silang, Cavite / ParaÌ±aque",1
satan's colon,1
Spying on your thoughts,1
"Aveiro, Portugal",1
"Livonia, MI",1
11/4/14,1
"Leicester, England",1
"Bishops Stortford, England",1
"Rochester Hills, MI",1
"Johns Creek, GA",1
"Cochrane, Alberta, Canada",1
"LEALMAN, FLORIDA",1
"Kansas City, Mo.",1
"Quezon City, Philippines",1
COMING SOON,1
Miami ??,1
"Newton Centre, Massachusetts",1
"Ab, Canada",1
Madrid,1
"Tucson, AZ",1
Pittsburgh ,1
front row at a show,1
Am International,1
Maharashtra,1
"South Bloomfield, OH",1
"Detroit, MI, United States",1
Your Conversation,1
"Fiore, Lamia Scale",1
Texas-USAã¢ ?,1
"North Port, FL",1
"Tampa, Fl",1
Intermountain West,1
Asgard,1
Tn,1
"Ikeja, Nigeria",1
"Brentwood, NY",1
right next to you,1
"Fairfax, VA",1
94123,1
"East Lansing, MI",1
West Wales,1
Plain O' Texas,1
on the go,1
Bucharest,1
Raleigh (Garner/Cleveland) NC,1
"LP, MN USA",1
Based in CA - Serve Nationwide,1
"PA, USA",1
"Wyoming, MI (Grand Rapids)",1
don't buy the s*n,1
2 high 2 come down ,1
Between Dire and Radiant,1
highlands&slands scotland,1
Paris.,1
DC Metro area,1
#NewcastleuponTyne #UK,1
Daddy Kink Central,1
somewhere outside,1
"Sunbury, Ohio",1
mnl,1
United States where it's warm,1
Made Here In Detroit ,1
"Tucson, Arizona ",1
"Tema,Accra",1
Bacon,1
"Tama, Iowa",1
 Nxgerxa,1
it's a journey ,1
"Pioneer Village, KY",1
Middle Earth / Asgard / Berk,1
"i got 1/13 menpa replies, omg",1
" Eugene, Oregon",1
In Your Notifications ,1
Melrose,1
Antarctica,1
hatena bookmark,1
District of Gentrification/ DC,1
the local dump,1
Between the worlds ,1
"London, Riyadh",1
D.C. - Baltimore - Annapolis,1
Shelby County,1
"Williamsbridge, Bronx, New Yor",1
Inang Pamantasan,1
Delhi ,1
"ÌÏT: 35.223347,-80.827834",1
WORLD WIDE,1
"Yeezy Taught Me , NV",1
"Tornado Alley, USA ",1
Doghouse,1
Jersey - C.I,1
"V-RP @OZRP_ ?MV, AU, R18+?",1
T-Ville,1
L. A.,1
Ohio,1
guaravitas,1
"Intramuros, Manila",1
"Beirut, Lebanon",1
"-6.152261,106.775995",1
Corpus - Las Vegas - Houston,1
LA - everywhere,1
maryland,1
Belfast,1
Warm Heart Of Africa,1
Kicking Horse Pass,1
boston,1
"Worcester, MA",1
Jerusalem!,1
Somewhere between here & there,1
NIFC,1
"Darnley, Prince Edward Island",1
TÌÁchira - Venezuela,1
CLVLND,1
GO BLUE! HAIL YES!!,1
"Huntington, WV",1
"Glendale, CA",1
Head Office: United Kingdom,1
Afghanistan,1
Ylisse,1
"Tampa-St. Petersburg, FL",1
"St. Louis, Mo",1
"Sugarhouse, UT",1
Prehistoric Earth,1
contactSimpleNews@gmail.com,1
leyland,1
balvanera,1
Team Slytherin,1
on to the next adventure,1
Fresno,1
"North East, England",1
atx,1
Rochester,1
Hampshire UK,1
@notoriousD12,1
Merica!,1
All around the world baby,1
Arthas US,1
Jump City,1
"ÌÏT: 42.910975,-78.865828",1
Wakefield MA,1
ANYWEHERE !!,1
texas a&m university,1
"Wahpeton, ND",1
"Scituate, MA",1
"Frome, Somerset, England",1
[ kate + they/them + infp-t ],1
Rhyme Or Reason?,1
Vilnius,1
"MontrÌ©al, QuÌ©bec",1
"Jakarta, Indonesia",1
"Phoenix, Arizona, USA",1
"Eddyville, Oregon 97343",1
Playa,1
Selangor,1
"St.Cloud, MN",1
The Circle of Life,1
midwest,1
Charter Member of the VRWC,1
Bangalore. India,1
"Bhopal, Madhya Pradesh, India.",1
jersey ,1
"Pocatello, ID",1
Manila,1
 Alberta,1
Atlanta - FAU class of '18,1
Jeddah_Saudi Arabia.,1
Soufside,1
05/04/2014 18:23 ?,1
"England, Great Britain.",1
where I'm supposed to be,1
MA via PA,1
Russia,1
Cottonwood Arizona,1
trapped in America,1
"???????, ??'??????",1
"ÌøåÀå_T: 40.736324,-73.990062",1
USAoV,1
"Bartholomew County, Indiana",1
6,1
Notts,1
"Poplar, London",1
"Wakefield, West Yorkshire",1
"CA, AZ & NV",1
"Washington, DC NATIVE",1
"Saipan, CNMI",1
Scotland ,1
#UNITE THE BLUE  ,1
LA,1
Stockton on tees Teesside UK,1
KOLKATA,1
ELVY,1
WORLD,1
"Bangalore, INDIA",1
New York - Connecticut,1
Phila.,1
"Cincinnati, OH",1
Pekanbaruå¡Batam Islandå¡Medan,1
IN,1
westwestwestwestwestwestwest,1
The South & WestCoast ,1
LiVE MÌS,1
xiumin's nonexistent solos,1
am everywhere,1
"Scotts Valley, CA",1
"Haveli, Maharashtra",1
Northern California U.S.A.,1
Wanderlust,1
UK Great Britain ,1
Isolated City In World Perth,1
"Atlanta(ish), GA",1
Alger-New York-San Francisco,1
Milky Way galaxy ,1
all over the world,1
houston,1
Kajang ? UiTM Puncak Alam,1
Brisbane Australia,1
"Winnipeg, MB, Canada",1
"Wandsworth, London",1
"Iowa, USA",1
?205?478?,1
South of D.C.,1
"Kwajalein/Virginia/Dayton, OH",1
"GrC Founder, 8,000 Subscribers",1
"iPhone: -27.499212,153.011072",1
rural ohio (fuck),1
"Nantes, France",1
"Light and dark, form and void",1
us-east-1a,1
urÌ£nus,1
Miami,1
"Leeds, United Kingdom",1
"Portsmouth, UK",1
"Loughborough, England",1
North East USA,1
"Piedmont Area, North Carolina",1
"Tri-Cities, Wash.",1
Alberta | Sask. | Montana,1
Trancy Manor,1
"Hinton, W.Va.",1
East London. ,1
"Derry, 17 ",1
Albuquerque New Mexico,1
Los Angeles New York,1
Griffin :3,1
lakewood colorado,1
NYC-LA-MIAMI,1
MÌ©xico,1
"Kokomo, In",1
"Narnia, Maryland",1
Viejo,1
"Atlanta,Ga",1
IG: AyshBanaysh,1
Detroit/Windsor,1
"South Carolina, USA",1
Warri,1
en el pais de los arrechos,1
"St. Louis, Missouri",1
"Lowell, MA",1
U.S.A.   FEMA Region 5,1
Royton,1
"Victoria, BC  Canada",1
???????????,1
Aracaju - Sergipe,1
w. Nykae ,1
central chazifornia,1
"College Station, TX",1
cyprus,1
"Hartford, Connecticut",1
The World,1
sri lanka,1
seattle wa,1
nearest trash can ,1
"Not Los Angeles, Not New York.",1
Dappar (Mohali) Punjab,1
"Otsego, MI",1
Room 234,1
scumbernauld,1
"Methville, CA",1
New Your,1
"ÌÏT: 30.307558,-81.403118",1
"New York, NY ",1
dundalk ireland,1
rio de janeiro | brazil,1
Freddy Fazbears pizzeria,1
"Oslo, Norway",1
Somewhere with Clyde,1
ColoRADo,1
Ontario,1
DRAW A CIRCLE THAT'S THE EARTH,1
Adventist - Lesson Sabbath,1
Telangana,1
planet earth,1
"Louisville, KY",1
"Fountain Valley, CA",1
 Indiana,1
"Concord, N.C.",1
"kediri,,jawa timur",1
My contac 27B80F7E 08170156520,1
Hyrule,1
"Timaru District, New Zealand",1
"Wellington, New Zealand",1
Searching for Bae ,1
"Cardiff, UK",1
Inside the Beltway (DC Area),1
??????????? ???????????..? ,1
Headed To The Top,1
"Murray Hill, New Jersey",1
lowestoft,1
death star,1
"Newport, Wales, UK",1
#Gladiator Û¢860Û¢757Û¢,1
PunPunlÌ¢ndia,1
Mostly Yuin.,1
The Peach State,1
"2,360 miles away",1
Bangalore,1
Weyburn,1
17th Dimension,1
Thrissur,1
"US: 44.414510,8.942499",1
"Ted&Qz Inc, Ireland, Europe",1
glasgow,1
not so cool KY,1
Garden Grove,1
"Bremerton, WA",1
i luv raquel,1
Santiago Bernabeau,1
"San Luis Obispo, CA",1
"Birdland, New Meridian, FD",1
D(M)V  ,1
LOCAL ATLANTA NEWS 4/28/00 - 4/28/15 FREELANCER,1
Nirvana,1
In The Mansion,1
"Lima, Peru",1
"Louavul, KY",1
Hailing from Dayton ,1
"Vancouver, BC, Canada",1
The Great State of Maine ,1
"Colombo,Sri Lanka.",1
"Brentwood,TN",1
"San Juan, Puerto Rico",1
"Jerseyville, IL",1
"Wynne, AR",1
i love you zayn,1
Michigan ,1
Bon Temps Louisiana,1
Yooooooo,1
Mars,1
"The Citadel, Oldtown, Westeros",1
Surrey & Manchester,1
Clean World,1
"Greenville,SC",1
South Carolina,1
Geneva. And beyond. ,1
"Pig Symbol, Alabama",1
"Uppsala, Sweden",1
"New Hampshire, USA",1
potters bar,1
518 åá NY,1
labyrinthia,1
Kuala Lumpur,1
??? ?? ??????? ,1
lost in history,1
"Vista, CA",1
Skyhold,1
Nevada (wishing for Colorado),1
Every Where in the World,1
Your Six,1
"Maryland,Baltimore",1
WESTSIDE OF PHILLY 7? BLOCK??,1
"46.950109,7.439469",1
"Long Beach, CA",1
The Grey Area,1
"Vancouver, BC.",1
876 Jamrock.,1
"Somerset, UK",1
"Coventry, UK",1
Kuwait ,1
Lancaster California,1
"Aurora, IL",1
Ivano-Frankivsk,1
#BossNation!,1
"Maricopa, AZ",1
"801 SL,UT",1
Dutch/English/German,1
"Maryland, USA",1
"Marysville, MI",1
Atlanta Georgia,1
Chester,1
State of Georgia,1
Grand Rapids MI,1
"Giddy, Greenland",1
The green and pleasant land.,1
"Predjama, Eslovenia.",1
Football Field,1
Mountains,1
lee london,1
Waterford MI,1
Statute Of Limitations_,1
"Hartford,  connecticut",1
THE WORLD T.G.G / M.M.M ,1
Up a hill,1
Born in Baltimore Living in PA,1
Cloud 9,1
"Harlem, NY or Chocolate City",1
Made in America,1
"East Aurora, NY",1
Wild Wild Web,1
"Van Buren, MO",1
"Not where I want to be, yet",1
ljp/4,1
"Va Beach, Virginia",1
All around the world,1
Baker City Oregon,1
#otrakansascity,1
"Annapolis, MD",1
"Harpurhey, Manchester, UK",1
"Montgomery County, MD",1
Greater Los Angeles Bearia,1
Campinas Sp,1
"North Ferriby, East Yorkshire",1
"EspaÌ±a, Spain",1
"Maracay y Nirgua, Venezuela",1
Canada Eh! ,1
"England & Wales Border, UK",1
"Central Coast, California",1
israel,1
marvel | books | hp | tmr,1
Elchilicitanierraversal ,1
"Wilbraham, MA",1
bangalore,1
IDN,1
3.28.15|7.20.15|7.25.15,1
Chasing My Dreams w/Jass??,1
West Midlands,1
PA.USA,1
England.,1
Anaheim,1
"Davidson, NC",1
"Anderson, SC",1
????? ???? ????,1
Reading MA,1
"PS4, now stop asking",1
Belgrade,1
oklahoma,1
sneaking glances at Thancred,1
Stage with Trey Songz,1
canberra,1
Beautiful British Columbia,1
"Pensacola, FL",1
Hawaii USA,1
"Danville, VA",1
The Internetz,1
"UK, Republic of Ireland and Australia",1
 ? ??????? ? ( ?? å¡ ? ? ? å¡),1
beijing .China,1
"Salt Lake City, Utah",1
"Hamilton, Ontario Canada",1
"Hamburg, DE",1
watford,1
"Very SW CA, USA....Draenor",1
?????? ??? ?????? ????????,1
probably the strip club,1
San Jose,1
Some pum pum,1
"Blackpool, England, UK.",1
@protectingtitan's side.,1
Greenpoint,1
| CA Û¢ GA  |,1
home ,1
"Mogadishu, New Jersey",1
"Waverly, IA",1
"Napa, CA",1
(a) property of the universe,1
Midwestern USA,1
#expelcl*y,1
The Multiverse,1
"Gaborone, Botswana",1
CHICAGO,1
Greenville,1
"Sherwood, Brisbane, Australia",1
eating strawberry shitsickles,1
" Little Rock, AR",1
seattle grace mercy death,1
"Memphis, in the Tennessees",1
Somewhere in Spain,1
Planet of da Bathing Apes,1
